id,name,price,imageUrl,rating,countReview,shop,product_link
103833384568,"Acer Nitro V 16S AI ANV16S-41-R70Y RTX 5060 8GB (NH.QZYSN.001) – Ryzen 7 260 | 16GB RAM | 512GB SSD | RTX 5060 8GB GDDR7 | 16"" WQXGA IPS 180Hz 100% sRGB | Windows 11 Home + Office 2024 | Laptop Gaming untuk AAA, editing, rendering, dan multitasking",Rp24.374.999,https://p16-images-sign-sg.tokopedia-static.net/tos-alisg-i-aphluv4xwc-sg/fe161b408c824f21ab14fe8c15c8e2bd~tplv-aphluv4xwc-white-pad-v1:200:200.jpeg?lk3s=97278606&x-expires=1790692829&x-signature=Vh0MWDvEjsBF90r2FmQkF4vL6AE%3D&x-signature-webp=l%2Bk8kNmABtrzEcJb%2FndWyixNuFE%3D,0,0,"{'id': 2153004, 'name': 'Acer Official Authorized Store', 'city': 'Jakarta Pusat'}",https://tokopedia.com103833384568
103684473901,[CO] ACER NITRO V 16S AI ANV16S GeForce RTX 5060 - RYZEN 7 260 180Hz RAM 16GB 512GB SSD WQXGA,Rp24.032.131,https://p16-images-sign-sg.tokopedia-static.net/tos-alisg-i-aphluv4xwc-sg/1c7972d3d16a4e27b7cef26fe5748b6d~tplv-aphluv4xwc-white-pad-v1:200:200.jpeg?lk3s=97278606&x-expires=1790692829&x-signature=726Ay1mpM8iK9MwHUfBPxkHJdxE%3D&x-signature-webp=q0%2FHU0b%2Fi3H2iJYQO%2FJLgNCc1Ow%3D,0,0,"{'id': 10002818, 'name': 'NVIDIA GeForce Laptop', 'city': 'Jakarta Utara'}",https://tokopedia.com103684473901
102055980121,[ FREE HEADSET ] ACER NITRO V 16S AI ANV16S GeForce RTX 5060 - RYZEN 7 260 180Hz RAM 16GB 512GB SSD WQXGA,Rp23.363.010,https://p16-images-sign-sg.tokopedia-static.net/tos-alisg-i-aphluv4xwc-sg/b147fb369d9e46599ef03bb0470b4b5e~tplv-aphluv4xwc-white-pad-v1:200:200.jpeg?lk3s=97278606&x-expires=1790692829&x-signature=Un2QBRJT6q2mTQ30Iq6N8To%2BP9Q%3D&x-signature-webp=JIcMJUcwjyv%2Fq3qCGLP5Uhj5HmY%3D,0,0,"{'id': 10002818, 'name': 'NVIDIA GeForce Laptop', 'city': 'Jakarta Utara'}",https://tokopedia.com102055980121
103741157994,ACER NITRO V 16S GeForce RTX 5060 8GB - RYZEN 7 260 16GB 512GB 16.0WQXGA 180HZ 100SRGB [FLASH SALE],Rp24.360.204,https://p16-images-sign-sg.tokopedia-static.net/tos-alisg-i-aphluv4xwc-sg/efdf3eca50814e349cb79c00c466b40b~tplv-aphluv4xwc-white-pad-v1:200:200.jpeg?lk3s=97278606&x-expires=1790692829&x-signature=tHZJv5ed6SLpgtSC0shhDUUxiuo%3D&x-signature-webp=zYVE4xjU7OPzMsBPuTWKcdaZoXk%3D,0,0,"{'id': 16126198, 'name': 'NVIDIA GeForce Official Surabaya', 'city': 'Surabaya'}",https://tokopedia.com103741157994
102777889635,Acer Nitro V 16S RTX 5060 Ryzen 7 260 32GB 1TB SSD W 11 + OHS 16.0 180Hz,Rp23.869.000,https://p19-images-sign-sg.tokopedia-static.net/tos-alisg-i-aphluv4xwc-sg/dcf3924f3f474206a4f96e807a14d173~tplv-aphluv4xwc-white-pad-v1:200:200.jpeg?lk3s=97278606&x-expires=1790692829&x-signature=dBiDD7qIoEvsZl%2B%2FLw%2FmmGB03do%3D&x-signature-webp=xE1sZhrQt58Onj0VOa4vi4k1C8E%3D,0,0,"{'id': 2185542, 'name': 'ROGZ Online', 'city': 'Jakarta Pusat'}",https://tokopedia.com102777889635
103831591228,"ACER NITRO V 16S ANV16S-41-R70Y RYZEN 7 260 16GB 512GB SSD RTX 5060 8GB GDDR7 16"" IPS WQXGA 180Hz sRGB 100% W11H OH24 BLACK",Rp22.599.000,https://p16-images-sign-sg.tokopedia-static.net/tos-alisg-i-aphluv4xwc-sg/a9c102a0052b48c2aed24b020cdd5ead~tplv-aphluv4xwc-white-pad-v1:200:200.jpeg?lk3s=97278606&x-expires=1790692829&x-signature=Rkbd1qakTehLspyIhSfbGN8HcDk%3D&x-signature-webp=CWgZswLsm4uaId1CUQPSohrhXkU%3D,0,0,"{'id': 7496159692452432018, 'name': 'Infonet Mall Bekasi Cyber Park', 'city': 'Bekasi'}",https://tokopedia.com103831591228
102747774321,ACER NITRO V 16S GeForce RTX 5060 8GB - RYZEN 7 260 16GB 512GB 16.0WQXGA 180HZ 100SRGB,Rp24.560.204,https://p16-images-sign-sg.tokopedia-static.net/tos-alisg-i-aphluv4xwc-sg/efdf3eca50814e349cb79c00c466b40b~tplv-aphluv4xwc-white-pad-v1:200:200.jpeg?lk3s=97278606&x-expires=1790692829&x-signature=tHZJv5ed6SLpgtSC0shhDUUxiuo%3D&x-signature-webp=zYVE4xjU7OPzMsBPuTWKcdaZoXk%3D,0,0,"{'id': 16126198, 'name': 'NVIDIA GeForce Official Surabaya', 'city': 'Surabaya'}",https://tokopedia.com102747774321
102968382856,"ACER NITRO V 16S ANV16S-41-R70Y RYZEN 7 260 16GB 512GB SSD RTX 5060 8GB GDDR7 16"" IPS WQXGA 180Hz sRGB 100% W11H OH24 BLACK",Rp24.399.000,https://p16-images-sign-sg.tokopedia-static.net/tos-alisg-i-aphluv4xwc-sg/498dfefa51fa4933a357f03fbf67da05~tplv-aphluv4xwc-white-pad-v1:200:200.jpeg?lk3s=97278606&x-expires=1790692829&x-signature=LILL98nxbBdim%2BaXk7G7jtcs4As%3D&x-signature-webp=kryTLxKHaVM2yI0nod%2Ft7SMeNUs%3D,0,0,"{'id': 923818, 'name': 'INFONET Harco Mangga Dua', 'city': 'Jakarta Pusat'}",https://tokopedia.com102968382856
103783770182,[BEST SELLER] Acer Gaming NITRO V16S - AMD Ryzen 7 260 RTX 5050/5060-8GB Ram 16GB Ssd 512GB Layar 16.0 WUXGA 180HZ 100% sRGB Windows 11 Home + OHS 2024,Rp22.498.686,https://p16-images-sign-sg.tokopedia-static.net/tos-alisg-i-aphluv4xwc-sg/af451502ed6e4a72b3edbd5a15203c62~tplv-aphluv4xwc-white-pad-v1:200:200.jpeg?lk3s=97278606&x-expires=1790692829&x-signature=oTBbEKSeREbSvkiKSyZYRXYMols%3D&x-signature-webp=7PW%2FSM5DG8J3ysvL9NEEmlyAC78%3D,0,0,"{'id': 1738606, 'name': 'GAMER ID JAKARTA TIMUR', 'city': 'Jakarta Timur'}",https://tokopedia.com103783770182
102720492314,"ACER NITRO V 16S ANV16S-41-R70Y RYZEN 7 260 16GB 512GB SSD RTX 5060 8GB GDDR7 16"" IPS WQXGA 180Hz sRGB 100% W11H OH24",Rp24.399.000,https://p16-images-sign-sg.tokopedia-static.net/tos-alisg-i-aphluv4xwc-sg/b97280c7cd534efd8c8bc34b6f9581c5~tplv-aphluv4xwc-white-pad-v1:200:200.jpeg?lk3s=97278606&x-expires=1790692829&x-signature=vc9Gyru6fuuM9Km6GiVl4ijZSDA%3D&x-signature-webp=ky3ZhU4VUOOpMgQ%2FqQhCfadi4DA%3D,0,0,"{'id': 17979748, 'name': 'IT TANGERANG', 'city': 'Tangerang'}",https://tokopedia.com102720492314
102059978576,"Laptop Acer Nitro V 16S AMD Ryzen 7 260 GeForce RTX 5060 8 GB RAM 16 GB SSD 512 GB Windows 11 + Office HOme Student 16"" WQXGA 180Hz 100 Srgb",Rp24.069.000,https://p19-images-common-sign-sg.tokopedia-static.net/tos-maliva-i-o3syd03w52-us/e5ea1beeb2ec4efcb7423fd87933257d~tplv-o3syd03w52-resize-jpeg:200:200.jpeg?lk3s=97278606&x-expires=1790692829&x-signature=iTSWrs8WOs%2F5Gi1nJt0NeDGHiXA%3D&x-signature-webp=ECcAyZ0dKmqrq828cELB%2F5E44X0%3D,0,0,"{'id': 15836865, 'name': 'Gamer ID Surabaya', 'city': 'Surabaya'}",https://tokopedia.com102059978576
103530609733,"Acer Nitro V16S Ryzen 7-260 RTX-5060 8GB/ 16GB 512GB WIN11+OFFICE+M365B 16.0""Inch WUXGA 180HZ 100sRGB 2Y+ADP BLK Garansi Resmi",Rp23.869.000,https://p16-images-sign-sg.tokopedia-static.net/tos-alisg-i-aphluv4xwc-sg/880281bf1f2540419cf9d77c3608c856~tplv-aphluv4xwc-white-pad-v1:200:200.jpeg?lk3s=97278606&x-expires=1790692829&x-signature=7qMCmInzRtSpX45HEEvasv4mDno%3D&x-signature-webp=zt%2B4NzGo7gcOsECMZGBGX2iJY%2BA%3D,0,0,"{'id': 458038, 'name': 'LAPTOP GADGET ID', 'city': 'Jakarta Pusat'}",https://tokopedia.com103530609733
103333376943,"ACER NITRO V 16S RYZEN 7 260 RTX 5060 8GB RAM 16GB SSD 512GB WIN 11+OHS+M365B 16"" WQXGA 180HZ 100SRGB",Rp23.869.000,https://p16-images-sign-sg.tokopedia-static.net/tos-alisg-i-aphluv4xwc-sg/80f99100cd504f94889f1d451de36f3a~tplv-aphluv4xwc-white-pad-v1:200:200.jpeg?lk3s=97278606&x-expires=1790692829&x-signature=18To%2Fh4AlbwiI1jS7HRcnGiyUbc%3D&x-signature-webp=DJshJL4GORoKBMT3yza1u11%2B6Uo%3D,0,0,"{'id': 7496302951648955384, 'name': 'Agres ID Bandung Timur', 'city': 'Bandung'}",https://tokopedia.com103333376943
103855385150,[BEST SELLER] ACER NITRO V 16S GeForce RTX 5060 8GB - RYZEN 7 260 16GB 512GB 16.0WQXGA 180HZ 100SRGB [FLASH SALE],Rp25.469.841,https://p16-images-sign-sg.tokopedia-static.net/tos-alisg-i-aphluv4xwc-sg/24a204d4e03f4530b4d839a1b373b0ba~tplv-aphluv4xwc-white-pad-v1:200:200.jpeg?lk3s=97278606&x-expires=1790692829&x-signature=QFf5AOS7OdkidXlDXf1iY71aqiE%3D&x-signature-webp=62CuC%2BwAoE7aMRLGA2BMZtKyklk%3D,0,0,"{'id': 16126198, 'name': 'NVIDIA GeForce Official Surabaya', 'city': 'Surabaya'}",https://tokopedia.com103855385150
102367439892,"ACER NITRO V 16S ANV16S 41 R70Y RYZEN 7 260 16GB 512GB SSD RTX 5060 8GB GDDR7 16"" IPS WQXGA 180Hz sRGB 100% W11H OH24",Rp24.399.000,https://p16-images-sign-sg.tokopedia-static.net/tos-alisg-i-aphluv4xwc-sg/dd76e5355052496398b941589063100f~tplv-aphluv4xwc-white-pad-v1:200:200.jpeg?lk3s=97278606&x-expires=1790692829&x-signature=1YqbK8AP48LNYi8BMr%2F1GVM2Uks%3D&x-signature-webp=8JngW2ibUzGtbR227rMzCTa2vTk%3D,0,0,"{'id': 16648605, 'name': 'Acer Authorized Jakarta Utara', 'city': 'Jakarta Utara'}",https://tokopedia.com102367439892
102057515326,"Acer Nitro V 16S AI Gaming Laptop | AMD Ryzen 7 260 | NVIDIA GeForce RTX 5060 16"" WUXGA 16GB/32GB 512GB W11+OHS",Rp23.869.000,https://p16-images-sign-sg.tokopedia-static.net/tos-alisg-i-aphluv4xwc-sg/1ce1a1292ccc4343a708f2e9f08f8a47~tplv-aphluv4xwc-white-pad-v1:200:200.jpeg?lk3s=97278606&x-expires=1790692829&x-signature=tYCOmXRUlGQAz5VdwOOM254TSsE%3D&x-signature-webp=h6CTwqCRBYaYbHGbSu%2FXi5fNJc0%3D,0,0,"{'id': 320880, 'name': 'Gaming Laptop ID', 'city': 'Jakarta Utara'}",https://tokopedia.com102057515326
102842215937,"ACER NITRO V 16S ANV16S-41-R70Y | Ryzen 7 | RTX 5060 8GB | WQXGA 180Hz RYZEN 7 260 16GB 512GB SSD RTX 5060 8GB GDDR7 16"" IPS WQXGA 180Hz sRGB 100% W11H OH24 BLACK [NH.QZYSN.001]  Laptop Gamer kompetitif, content creator, editor video, 3D",Rp24.378.999,https://p19-images-sign-sg.tokopedia-static.net/tos-alisg-i-aphluv4xwc-sg/b96651dac403432ca79dd6feaecb4815~tplv-aphluv4xwc-white-pad-v1:200:200.jpeg?lk3s=97278606&x-expires=1790692829&x-signature=Yqnh3OvyyVwlD6asLBz35Ypbpt8%3D&x-signature-webp=zJH%2FP%2BEwYnuv3%2FHNnSyopBf3xdc%3D,0,0,"{'id': 412517, 'name': 'Infonet Mangga Dua', 'city': 'Jakarta Pusat'}",https://tokopedia.com102842215937
103833301800,"[XBP] Acer Nitro V 16S AI ANV16S-41-R70Y (NH.QZYSN.001) – Ryzen 7 260 | 16GB RAM | 512GB SSD | RTX 5060 8GB GDDR7 | 16"" WQXGA IPS 180Hz 100% sRGB | Windows 11 Home + Office 2024 | Laptop Gaming untuk AAA, editing, rendering, dan multitasking.",Rp23.979.899,https://p16-images-sign-sg.tokopedia-static.net/tos-alisg-i-aphluv4xwc-sg/6e2d20a4c62141bda5f7c545aa1abf03~tplv-aphluv4xwc-white-pad-v1:200:200.jpeg?lk3s=97278606&x-expires=1790692829&x-signature=hYNhSyl4ocfLJStZ8%2FBGLeYZr6c%3D&x-signature-webp=pCx3ljkbMrcug5482zvPeXMBoNs%3D,0,0,"{'id': 2153004, 'name': 'Acer Official Authorized Store', 'city': 'Jakarta Pusat'}",https://tokopedia.com103833301800
102982532939,Acer Gaming NITRO V16S - AMD Ryzen 7 260 RTX 5050/5060-8GB Ram 16GB Ssd 512GB Layar 16.0 WUXGA 180HZ 100% sRGB Windows 11 Home + OHS 2024,Rp22.249.000,https://p16-images-sign-sg.tokopedia-static.net/tos-alisg-i-aphluv4xwc-sg/af451502ed6e4a72b3edbd5a15203c62~tplv-aphluv4xwc-white-pad-v1:200:200.jpeg?lk3s=97278606&x-expires=1790692829&x-signature=oTBbEKSeREbSvkiKSyZYRXYMols%3D&x-signature-webp=7PW%2FSM5DG8J3ysvL9NEEmlyAC78%3D,0,0,"{'id': 1738606, 'name': 'GAMER ID JAKARTA TIMUR', 'city': 'Jakarta Timur'}",https://tokopedia.com102982532939
103882634432,Laptop Acer Nitro V 16s AI ANV16S Ryzen 7-260 RTX 5060 16GB 512GB SSD 16.0 Inch WQXGA 180Hz Windows 11,Rp23.869.000,https://p19-images-sign-sg.tokopedia-static.net/tos-alisg-i-aphluv4xwc-sg/33729b876ced44358db22777dadd87f0~tplv-aphluv4xwc-white-pad-v1:200:200.jpeg?lk3s=97278606&x-expires=1790692829&x-signature=lN1QqEMYnl0%2FtALvtQN9M9hR3Pk%3D&x-signature-webp=MjYqt%2BKOCY%2BzXw0f3Bktmcfjhkg%3D,0,0,"{'id': 2610284, 'name': 'KangLaptop_NEW', 'city': 'Jakarta Selatan'}",https://tokopedia.com103882634432
102370781691,"Laptop ACER NITRO S16 AN16S-61-R7GM  GeForce RTX 5060 8GB Ryzen AI 9 365 RAM 16GB (8x2) DDR5 512GB SSD 16"" IPS WQXGA 180Hz  Win 11 + OHS 2024 + M365 Black",Rp30.799.000,https://p16-images-sign-sg.tokopedia-static.net/tos-alisg-i-aphluv4xwc-sg/4d7506f627e342b3b9b4f9d9350fca05~tplv-aphluv4xwc-white-pad-v1:200:200.jpeg?lk3s=97278606&x-expires=1790692829&x-signature=EFuTHpi%2BW%2Bf2B3WByuhAdT6wbV8%3D&x-signature-webp=QiIX2%2BYgONO%2BlgLKAYk6SkRr1hE%3D,0,0,"{'id': 24494, 'name': 'KomputerMedan OS', 'city': 'Medan'}",https://tokopedia.com102370781691
103094708526,ACER GAMING NITRO 16S AI AN16S-61-R7GM BLACK AMD RYZEN AI 9-365 16GB 512GB RTX 5060 8GB GDDR7 WIN 11 HOME + OFFICE HOME 2024,Rp27.230.000,https://p16-images-sign-sg.tokopedia-static.net/tos-alisg-i-aphluv4xwc-sg/082cfb394d2e4d9bacd7ea31870227cf~tplv-aphluv4xwc-white-pad-v1:200:200.jpeg?lk3s=97278606&x-expires=1790692829&x-signature=Ts%2FFc62ytTmsPkSiug40FmoGaZM%3D&x-signature-webp=yHQx2HHNinj4z5t8XQjPju90qRU%3D,0,0,"{'id': 2512815, 'name': 'Expocomp', 'city': 'Surabaya'}",https://tokopedia.com103094708526
102786019638,"ACER NITRO V 16S ANV16S-41-R70Y RYZEN 7 260 16GB 512GB SSD RTX 5060 8GB GDDR7 16"" IPS WQXGA 180Hz sRGB 100% W11H OH24",Rp24.378.000,https://p16-images-sign-sg.tokopedia-static.net/tos-alisg-i-aphluv4xwc-sg/a3b7dfca011c42f1a0957e9aae9849cc~tplv-aphluv4xwc-white-pad-v1:200:200.jpeg?lk3s=97278606&x-expires=1790692829&x-signature=Z1gRDRrM80bidWneiJk6W9P1PIA%3D&x-signature-webp=afRuXx3kHyKd7UF1kpFOnIA5WTw%3D,0,0,"{'id': 3498056, 'name': 'Infonet Official Store', 'city': 'Jakarta Utara'}",https://tokopedia.com102786019638
103855388425,[BEST SELLER] ACER NITRO V 16S GeForce RTX 5060 8GB - RYZEN 7 260 16GB 512GB 16.0WQXGA 180HZ 100SRGB,Rp25.469.841,https://p16-images-sign-sg.tokopedia-static.net/tos-alisg-i-aphluv4xwc-sg/24a204d4e03f4530b4d839a1b373b0ba~tplv-aphluv4xwc-white-pad-v1:200:200.jpeg?lk3s=97278606&x-expires=1790692829&x-signature=QFf5AOS7OdkidXlDXf1iY71aqiE%3D&x-signature-webp=62CuC%2BwAoE7aMRLGA2BMZtKyklk%3D,0,0,"{'id': 16126198, 'name': 'NVIDIA GeForce Official Surabaya', 'city': 'Surabaya'}",https://tokopedia.com103855388425
11740580273,"ACER NITRO V 16S ANV16S-41-R70Y RYZEN 7 260 16GB 512GB SSD RTX 5060 8GB GDDR7 16"" IPS WQXGA 180Hz sRGB 100% W11H OH24 BLACK",Rp25.374.960,https://p19-images-sign-sg.tokopedia-static.net/tos-alisg-i-aphluv4xwc-sg/41eaa42af7484a35a2cb21613e1e5640~tplv-aphluv4xwc-white-pad-v1:200:200.jpeg?lk3s=97278606&x-expires=1790692829&x-signature=1AVygfqNWV4l6HM%2FpRDm1zq7RAQ%3D&x-signature-webp=qrntNxqhqQtbS7w4GMuL4ovOGr8%3D,0,0,"{'id': 8040882, 'name': 'INFONET Mal PoinSquare', 'city': 'Jakarta Selatan'}",https://tokopedia.com11740580273
102973640779,Laptop RARE RTX 4070 Victus 16 S1777AX BY HP GAMING R7-8845HS Ryzen 7 MSI Cyborg Sword Vector Crosshair Acer Predator Helios Neo 16 Lenovo Loq legion 5 Omen Transcend Asus TUF ROG STRIX SCAR Zephyrus G16 M16 G18 G17 RTX 5060 5070 4080 DELL ALIENWARE RAZER,Rp18.999.000,https://p16-images-sign-sg.tokopedia-static.net/tos-alisg-i-aphluv4xwc-sg/edaf4e9bbb86439480f0d28df4e4c3fd~tplv-aphluv4xwc-white-pad-v1:200:200.jpeg?lk3s=97278606&x-expires=1790692829&x-signature=EzKP9lagcToLZypXd1eCRh5zUPs%3D&x-signature-webp=WVVUz1Fy11g4KSyttRb5VFkRl9I%3D,0,0,"{'id': 8704644, 'name': 'Dasir Dept Elektronik', 'city': 'Bandung'}",https://tokopedia.com102973640779
102772225133,"ACER NITRO V 16S ANV16S-41-R70Y RYZEN 7 260 16GB 512GB SSD RTX 5060 8GB GDDR7 16"" IPS WQXGA 180Hz sRGB 100% W11H OH24 BLACK",Rp24.499.000,https://p16-images-sign-sg.tokopedia-static.net/tos-alisg-i-aphluv4xwc-sg/dd30052b636249d1aa1be9abb2c9072c~tplv-aphluv4xwc-white-pad-v1:200:200.jpeg?lk3s=97278606&x-expires=1790692829&x-signature=LNkjoBx9%2BTeImjtT1PwWl%2FWX1JI%3D&x-signature-webp=bQY8ozpPXzrhLqug4DDjqQktzAc%3D,0,0,"{'id': 8789234, 'name': 'Eshop Computer', 'city': 'Bekasi'}",https://tokopedia.com102772225133
102955000223,ACER Nitro 16S AI AN16S 61 R7GM Ryzen AI 9 365 16GB(2x8) 512GB RTX 5060 W11 NH.QXLSN.001 Obsidian Black,Rp30.659.000,https://p16-images-common-sign-sg.tokopedia-static.net/tos-maliva-i-o3syd03w52-us/066e3c026ccc4942a458f8f1001d1843~tplv-o3syd03w52-resize-jpeg:200:200.jpeg?lk3s=97278606&x-expires=1790692829&x-signature=nKXgEndMTw0l%2BrUJA3AxwO2B0NY%3D&x-signature-webp=R8r0pzi4lzQvwMkeIeRC1R6kb7Y%3D,0,0,"{'id': 5314220, 'name': 'Blessing Computer Bali', 'city': 'Denpasar'}",https://tokopedia.com102955000223
102429515543,"ACER LAPTOP GAMING NITRO V 16S AI SLIM ANV16S-41-R70Y GRAPHIC NVIDIA GEFORCE RTX 5060 16"" WQXGA AMD RYZEN 7 RAM 16GB STORAGE 512GB SSD WINDOWS 11",Rp28.700.000,https://p19-images-common-sign-sg.tokopedia-static.net/tos-maliva-i-o3syd03w52-us/6dfba3e2aba94454b6ccb356c541c316~tplv-o3syd03w52-resize-jpeg:200:200.jpeg?lk3s=97278606&x-expires=1790692829&x-signature=To9T6La53P5bduUXy8GsUTbLIJ8%3D&x-signature-webp=1P4ujw6Jmewmno%2BgsI4%2FQ7oquHs%3D,0,0,"{'id': 6013632, 'name': 'Nowenibra Computer 2', 'city': 'Jakarta Pusat'}",https://tokopedia.com102429515543
102429516730,"ACER LAPTOP GAMING NITRO 16S AI SLIM AN16S-61-R7GM GRAPHICS NVIDIA GEFORCE RTX 5060 16"" WQXGA AMD RYZEN AI 9 365 RAM 16GB STORAGE 512 GB SSD WINDOWS 11",Rp30.600.000,https://p16-images-common-sign-sg.tokopedia-static.net/tos-maliva-i-o3syd03w52-us/4e297affe68942d1b6fe727c065f6ef7~tplv-o3syd03w52-resize-jpeg:200:200.jpeg?lk3s=97278606&x-expires=1790692829&x-signature=eOotqDnMZKaJg5D4cTjXYDNT8cw%3D&x-signature-webp=D2hqQ6pFkTo22U3gu0sea1ZgX%2BM%3D,0,0,"{'id': 6013632, 'name': 'Nowenibra Computer 2', 'city': 'Jakarta Pusat'}",https://tokopedia.com102429516730
103207647710,Laptop RARE RTX 4060 Victus 16 BY HP GAMING R7-7840HS Ryzen 7 S0010AX S0047AX S0097NR Omen Transcend MSI Cyborg Katana Bravo Acer Nitro V 15 Predator Helios Neo Lenovo Loq legion 5 Asus V16 TUF ROG STRIX G15 G16 G18 G17 RTX 5050 5060 4070 DELL ALIENWARE,Rp15.999.000,https://p16-images-sign-sg.tokopedia-static.net/tos-alisg-i-aphluv4xwc-sg/a66938e0cddb4ade99d5da2dea97ed4c~tplv-aphluv4xwc-white-pad-v1:200:200.jpeg?lk3s=97278606&x-expires=1790692829&x-signature=FTNBkFeW7BLEOCp4FwQeSmJb578%3D&x-signature-webp=IU710bocgQLY05p6Yjun1Mh1gLg%3D,0,0,"{'id': 8704644, 'name': 'Dasir Dept Elektronik', 'city': 'Bandung'}",https://tokopedia.com103207647710
102429515555,"ACER LAPTOP GAMING NITRO V 16S AI SLIM ANV16S-41-R70Y GRAPHIC NVIDIA GEFORCE RTX 5060 16"" WQXGA AMD RYZEN 7 RAM 16GB STORAGE 512GB SSD WINDOWS 11",Rp28.700.000,https://p16-images-common-sign-sg.tokopedia-static.net/tos-maliva-i-o3syd03w52-us/6dfba3e2aba94454b6ccb356c541c316~tplv-o3syd03w52-resize-jpeg:200:200.jpeg?lk3s=97278606&x-expires=1790692829&x-signature=whl2NuOtyCKfaiITKQqR9HwW%2B%2Bo%3D&x-signature-webp=aCTMk56nPXo4g5b08LcYLwrzjRQ%3D,0,0,"{'id': 10578462, 'name': 'chairanicom', 'city': 'Jakarta Pusat'}",https://tokopedia.com102429515555
102429516594,"ACER LAPTOP GAMING NITRO 16S AI SLIM AN16S-61-R7GM GRAPHICS NVIDIA GEFORCE RTX 5060 16"" WQXGA AMD RYZEN AI 9 365 RAM 16GB STORAGE 512 GB SSD WINDOWS 11",Rp30.600.000,https://p19-images-common-sign-sg.tokopedia-static.net/tos-maliva-i-o3syd03w52-us/4e297affe68942d1b6fe727c065f6ef7~tplv-o3syd03w52-resize-jpeg:200:200.jpeg?lk3s=97278606&x-expires=1790692829&x-signature=wKvtrfXzq2faNhac%2BK%2Byvq8R6b8%3D&x-signature-webp=DuAl0btaMM%2Fnr5hdh3FvHzTlL4k%3D,0,0,"{'id': 10578462, 'name': 'chairanicom', 'city': 'Jakarta Pusat'}",https://tokopedia.com102429516594
