id,name,price,imageUrl,rating,countReview,shop,RAM_GB,Storage_Type,Storage_Capacity_GB
103982658901,"Lenovo LOQ 15AHP11 Ryzen 7 250 RTX 5060 8GB 16GB 512GB SSD 15.3"" WUXGA 165Hz 100% sRGB RGB Win11 + OHS + M365 Gaming Laptop",Rp26.775.500,https://p16-images-sign-sg.tokopedia-static.net/tos-alisg-i-aphluv4xwc-sg/c7d571ee5f4949a69068acac85c389a5~tplv-aphluv4xwc-white-pad-v1:200:200.jpeg?lk3s=97278606&x-expires=1790625558&x-signature=QU3XYBOnxS0jG4PX7RzYRHqu9vg%3D&x-signature-webp=K%2BkQyWRmBQfMhBx7WK0Wv%2FK9nhQ%3D,0,0,"{'id': 1168087, 'name': 'TeknoTrend ID', 'city': 'Jakarta Pusat'}",8.0,SSD,512.0
103184452199,LENOVO LOQ 15 15AHP11 GeForce RTX 5060 - RYZEN 7 250 16GB 512GB 15.3WUXGA 165HZ 100SRGB,Rp27.125.010,https://p16-images-sign-sg.tokopedia-static.net/tos-alisg-i-aphluv4xwc-sg/3948691eddb8426b8d7fe9236573bce2~tplv-aphluv4xwc-white-pad-v1:200:200.jpeg?lk3s=97278606&x-expires=1790625558&x-signature=YSnKN7CpgmCE%2B0RXlBeDVG6LDU0%3D&x-signature-webp=e1af0xJ2NxtRrcho6t3uHiNzjBY%3D,0,0,"{'id': 10002818, 'name': 'NVIDIA GeForce Laptop', 'city': 'Jakarta Utara'}",16.0,Unknown,512.0
103247015310,"[ RESMI + ADP ] Lenovo LOQ 15AHP11 AMD Ryzen 7 250 RTX 5060 16GB RAM 512GB SSD 15.3"" WUXGA IPS 165Hz 100% sRGB G-SYNC Windows 11",Rp27.042.245,https://p16-images-sign-sg.tokopedia-static.net/tos-alisg-i-aphluv4xwc-sg/fc257969c047465c9c510bdb349dc8b3~tplv-aphluv4xwc-white-pad-v1:200:200.jpeg?lk3s=97278606&x-expires=1790625558&x-signature=pvtaFFthOFMhwxUve%2BKk878R6Gw%3D&x-signature-webp=TP6cmxKgLTRHZNi%2BiVvvFhvGRHs%3D,0,0,"{'id': 10045137, 'name': 'Onestop Gaming', 'city': 'Jakarta Pusat'}",16.0,SSD,512.0
103247405643,"(PROMO EXCLUSIVE CREATOR) - Price Lenovo LOQ 15AHP11 Ryzen 7 250 RTX 5060 8GB 16GB 512GB SSD 15.3"" WUXGA 165Hz 100% sRGB RGB Win11 + OHS + M365 Gaming Laptop",Rp27.386.499,https://p16-images-sign-sg.tokopedia-static.net/tos-alisg-i-aphluv4xwc-sg/2a1f96b1ba644d6ba453f7a7a865e2ae~tplv-aphluv4xwc-white-pad-v1:200:200.jpeg?lk3s=97278606&x-expires=1790625558&x-signature=2yxS75kOrgZ%2FgA3VThPrjSfoCaM%3D&x-signature-webp=RiskMzRvFfopQg0%2FEyRfnIKA36I%3D,0,0,"{'id': 1168087, 'name': 'TeknoTrend ID', 'city': 'Jakarta Pusat'}",8.0,SSD,512.0
5831937049,"(PROMO EXCLUSIVE CREATOR) - Price Lenovo LOQ 15AHP11 Ryzen 7 250 RTX 5060 8GB 16GB 512GB SSD 15.3"" WUXGA 165Hz 100% sRGB RGB Win11 + OHS + M365 Gaming Laptop",Rp27.386.499,https://p16-images-sign-sg.tokopedia-static.net/tos-alisg-i-aphluv4xwc-sg/2585a4e67c00427aa917e20e7d1c2a8d~tplv-aphluv4xwc-white-pad-v1:200:200.jpeg?lk3s=97278606&x-expires=1790625558&x-signature=5jriYBgE5vYttwktRgfBESTJ3EY%3D&x-signature-webp=%2BN4TuAR3C1pWg3CgleDB9vEfNH0%3D,0,0,"{'id': 1168087, 'name': 'TeknoTrend ID', 'city': 'Jakarta Pusat'}",8.0,SSD,512.0
103269699288,"LENOVO LOQ 15AHP11 RYZEN 7 250 16GB 512GB RTX 5060 15.3"" WUXGA IPS 165Hz W11H OH24",Rp27.979.000,https://p16-images-sign-sg.tokopedia-static.net/tos-alisg-i-aphluv4xwc-sg/9e23c1062864473e98848ac2fa421a37~tplv-aphluv4xwc-white-pad-v1:200:200.jpeg?lk3s=97278606&x-expires=1790625558&x-signature=B59mUHBVsNDa4nJLB9HCMtPVGVM%3D&x-signature-webp=uG2pJlgHBLl%2FaImMrPO1wjKMwxw%3D,0,0,"{'id': 14122468, 'name': 'Lenovo Authorized JakartaUtara', 'city': 'Jakarta Utara'}",16.0,Unknown,512.0
103246972140,"[ PICKUP / KURIR TOKO ] Lenovo LOQ Ryzen 7 250 RTX 5060 16GB RAM 512GB SSD 15.3"" WUXGA IPS 165Hz 100% sRGB G-SYNC Resmi + ADP",Rp26.978.615,https://p16-images-sign-sg.tokopedia-static.net/tos-alisg-i-aphluv4xwc-sg/f713a977585745dea44e1b2dc4d6649a~tplv-aphluv4xwc-white-pad-v1:200:200.jpeg?lk3s=97278606&x-expires=1790625558&x-signature=KKhDrf0WbwwUfsnoEFJmdd91jcU%3D&x-signature-webp=PXe9eDi5miBBeH1Nw82shK4%2FKuw%3D,0,0,"{'id': 10045137, 'name': 'Onestop Gaming', 'city': 'Jakarta Pusat'}",16.0,SSD,512.0
103183245768,Lenovo LOQ 15AHP11 AMD Ryzen 7 250 16GB 512GB SSD RTX 5060 8GB GDDR7 W11 OH24 + M365,Rp28.649.000,https://p16-images-common-sign-sg.tokopedia-static.net/tos-maliva-i-o3syd03w52-us/63cb6c403d7a4a39aacba4e48512aa09~tplv-o3syd03w52-resize-jpeg:200:200.jpeg?lk3s=97278606&x-expires=1790625558&x-signature=3Vs4gj4mF1Xo4F2CkqIbOEFYkMc%3D&x-signature-webp=9GWihIIpRqeOxtmxNoOSJWM9IRk%3D,0,0,"{'id': 2411241, 'name': 'Lenovo Official', 'city': 'Jakarta Pusat'}",16.0,SSD,512.0
103850395571,Lenovo LOQ 15AHP11 83TN000SID AMD Ryzen 7 250 16GB 512GB SSD RTX 5060 8GB GDDR7 W11 OH24 + M365,Rp26.775.999,https://p19-images-sign-sg.tokopedia-static.net/tos-alisg-i-aphluv4xwc-sg/0ecd53ce6aee47e78dc7913a2142ef4c~tplv-aphluv4xwc-white-pad-v1:200:200.jpeg?lk3s=97278606&x-expires=1790625558&x-signature=iolBQQTKHRsXURhi6xnyHkqhUBI%3D&x-signature-webp=nvKPdy%2Fwsu2x0pfdrM%2Fn1wcZU6o%3D,0,0,"{'id': 7495917927964117630, 'name': 'Lenovo Store by DGI', 'city': 'Jakarta Pusat'}",16.0,SSD,512.0
103233433523,"LENOVO LOQ 15AHP11 AMD Ryzen 7 250 RTX 5060 RAM 16GB 512GB SSD 15.3"" IPS 165Hz Windows 11 Best Price",Rp26.775.990,https://p16-images-sign-sg.tokopedia-static.net/tos-alisg-i-aphluv4xwc-sg/6205ff57843a44db9e68b507f418a26e~tplv-aphluv4xwc-white-pad-v1:200:200.jpeg?lk3s=97278606&x-expires=1790625558&x-signature=eylp0OR0Wb0qhMDkKsJWuZQC1f8%3D&x-signature-webp=mvOCXuLYmy8XHUhdlxcrP2mn0L0%3D,0,0,"{'id': 6207038, 'name': 'Distri Laptop', 'city': 'Jakarta Pusat'}",16.0,SSD,512.0
103958746382,"Laptop Lenovo LOQ 15AHP11 AMD Ryzen 7 250 512GB SSD 16GB RTX 5060 8GB 15.3"" WUXGA IPS W11 HOME + OH2024",Rp29.999.000,https://p16-images-sign-sg.tokopedia-static.net/tos-alisg-i-aphluv4xwc-sg/d22addb605f5468395af6824f352bae3~tplv-aphluv4xwc-white-pad-v1:200:200.jpeg?lk3s=97278606&x-expires=1790625558&x-signature=Slp5oGNXlhyExfD8KsE%2FlCTuXDs%3D&x-signature-webp=4QAqYZ7UYRJNT1D%2BbioVQbl0ypM%3D,0,0,"{'id': 14323863, 'name': 'Lenovo Authorized Jaksel', 'city': 'Jakarta Barat'}",512.0,SSD,512.0
103668909321,(PROMO EXCLUSIVE CREATOR) - Price Lenovo LOQ 15AHP11 83TN000SID AMD Ryzen 7 250 16GB 512GB SSD RTX 5060 8GB GDDR7 W11 OH24 + M365,Rp27.386.999,https://p16-images-sign-sg.tokopedia-static.net/tos-alisg-i-aphluv4xwc-sg/0ecd53ce6aee47e78dc7913a2142ef4c~tplv-aphluv4xwc-white-pad-v1:200:200.jpeg?lk3s=97278606&x-expires=1790625558&x-signature=%2BtEt3hOmnym%2Fk%2FPTOVnBDhQneAo%3D&x-signature-webp=YH55XIWEnA16TujY1iDnoS5xbuw%3D,0,0,"{'id': 7495917927964117630, 'name': 'Lenovo Store by DGI', 'city': 'Jakarta Pusat'}",16.0,SSD,512.0
102895239803,Lenovo LOQ 15AHP11 83TN000SID AMD Ryzen 7 250 16GB 512GB SSD RTX 5060 8GB GDDR7 W11 OH24 + M365,Rp26.775.999,https://p16-images-sign-sg.tokopedia-static.net/tos-alisg-i-aphluv4xwc-sg/0ecd53ce6aee47e78dc7913a2142ef4c~tplv-aphluv4xwc-white-pad-v1:200:200.jpeg?lk3s=97278606&x-expires=1790625558&x-signature=%2BtEt3hOmnym%2Fk%2FPTOVnBDhQneAo%3D&x-signature-webp=YH55XIWEnA16TujY1iDnoS5xbuw%3D,0,0,"{'id': 7495917927964117630, 'name': 'Lenovo Store by DGI', 'city': 'Jakarta Pusat'}",16.0,SSD,512.0
103976526620,[Sefricotechno x Lenovo by DGI] Lenovo LOQ 15AHP11 83TN000SID AMD Ryzen 7 250 16GB 512GB SSD RTX 5060 8GB GDDR7 W11 OH24 + M365 - Luna Grey,Rp26.775.999,https://p16-images-sign-sg.tokopedia-static.net/tos-alisg-i-aphluv4xwc-sg/16fc70f4d124452b82be775cb5a094db~tplv-aphluv4xwc-white-pad-v1:200:200.jpeg?lk3s=97278606&x-expires=1790625558&x-signature=OpFQDOr5QyJfHl6ASm7JF6jDlKc%3D&x-signature-webp=Xq5QQUdEOQ2ibmHdqtYP5Vyitd4%3D,0,0,"{'id': 7495917927964117630, 'name': 'Lenovo Store by DGI', 'city': 'Jakarta Pusat'}",16.0,SSD,512.0
103530434439,(PROMO EXCLUSIVE CREATOR) - Price Lenovo LOQ 15AHP11 83TN000SID AMD Ryzen 7 250 16GB 512GB SSD RTX 5060 8GB GDDR7 W11 OH24 + M365,Rp27.386.999,https://p16-images-sign-sg.tokopedia-static.net/tos-alisg-i-aphluv4xwc-sg/36cfd7417d344b38aebd6ba10b07b839~tplv-aphluv4xwc-white-pad-v1:200:200.jpeg?lk3s=97278606&x-expires=1790625558&x-signature=zQXoh8%2B2GbnimgdL1W3WLWIrbOg%3D&x-signature-webp=9H0XLPabKhx%2F1z%2FVMs4uTufnNEo%3D,0,0,"{'id': 7495917927964117630, 'name': 'Lenovo Store by DGI', 'city': 'Jakarta Pusat'}",16.0,SSD,512.0
103860349268,LENOVO LOQ 15AHP11-0SID GeForce RTX 5060  Ryzen 7 250 512GB SSD 16GB Notebook Laptop Gaming,Rp28.199.000,https://p16-images-sign-sg.tokopedia-static.net/tos-alisg-i-aphluv4xwc-sg/8d25177b6c5a4e9f9e14c8261061aa71~tplv-aphluv4xwc-white-pad-v1:200:200.jpeg?lk3s=97278606&x-expires=1790625558&x-signature=8SZMy%2Bmyc6BIwU4G%2FnmNhkqfaBI%3D&x-signature-webp=b53uLnnIVbIOloxmk9oTG%2B0yUY8%3D,0,0,"{'id': 17164469, 'name': 'Gasol WTC Surabaya', 'city': 'Surabaya'}",512.0,SSD,512.0
103925267369,"Exclusive Creator LENOVO LOQ 15AHP11 AMD Ryzen 7 250 RTX 5060 RAM 16GB 512GB SSD 15.3"" IPS 165Hz Windows 11 Promo",Rp27.061.990,https://p16-images-sign-sg.tokopedia-static.net/tos-alisg-i-aphluv4xwc-sg/6205ff57843a44db9e68b507f418a26e~tplv-aphluv4xwc-white-pad-v1:200:200.jpeg?lk3s=97278606&x-expires=1790625558&x-signature=eylp0OR0Wb0qhMDkKsJWuZQC1f8%3D&x-signature-webp=mvOCXuLYmy8XHUhdlxcrP2mn0L0%3D,0,0,"{'id': 6207038, 'name': 'Distri Laptop', 'city': 'Jakarta Pusat'}",16.0,SSD,512.0
103841449996,Lenovo LOQ 15AHP11 0SID Ryzen 7 250 16GB 512GB SSD RTX 5060 8GB GDDR7 Win11+OH2024+M365,Rp28.558.000,https://p16-images-sign-sg.tokopedia-static.net/tos-alisg-i-aphluv4xwc-sg/ad355963cd4b44eb913bf8d6c93bdf7c~tplv-aphluv4xwc-white-pad-v1:200:200.jpeg?lk3s=97278606&x-expires=1790625558&x-signature=o3cdU8HXH7hmOnwDFbIuzb9E83E%3D&x-signature-webp=mDYmg%2Fk0BMcgCh6V%2FBACnSlxC%2Fc%3D,0,0,"{'id': 4792129, 'name': 'UptoShopBdg', 'city': 'Bandung'}",16.0,SSD,512.0
103860348961,LENOVO LOQ 15AHP11-0SID GeForce RTX 5060  Ryzen 7 250 512GB SSD 16GB Notebook Laptop Gaming,Rp28.199.000,https://p16-images-sign-sg.tokopedia-static.net/tos-alisg-i-aphluv4xwc-sg/f29b271905f745bbb2ca34bb4729e72e~tplv-aphluv4xwc-white-pad-v1:200:200.jpeg?lk3s=97278606&x-expires=1790625558&x-signature=b2JOAsGFK5J7jP6PMHKrzsgdbH4%3D&x-signature-webp=dtcp5dAVg6SyLcLof3xA%2FN%2BKncY%3D,0,0,"{'id': 450791, 'name': 'Galaxy Solusindo', 'city': 'Malang'}",512.0,SSD,512.0
103270323501,"LENOVO LOQ 15AHP11 RYZEN 7 250 16GB 512GB SSD RTX 5060 8GB 15.3"" WUXGA IPS 165Hz W11H OH24+M365",Rp25.778.000,https://p16-images-sign-sg.tokopedia-static.net/tos-alisg-i-aphluv4xwc-sg/9a4436168d0747d1959fed02e2df8b14~tplv-aphluv4xwc-white-pad-v1:200:200.jpeg?lk3s=97278606&x-expires=1790625558&x-signature=cQTNf%2FVaJAUuxevrUVYTkGPsKgs%3D&x-signature-webp=LsBBuCZGOkFCNVnZBH2PbgyduIo%3D,0,0,"{'id': 3498056, 'name': 'Infonet Official Store', 'city': 'Jakarta Utara'}",16.0,SSD,512.0
103526765990,"(PROMO EXCLUSIVE CREATOR) - Price Lenovo LOQ 15AHP11 Ryzen 7 250 RTX 5060 8GB 16GB 512GB SSD 15.3"" WUXGA 165Hz 100% sRGB RGB Win11 + OHS + M365 Gaming Laptop",Rp27.386.499,https://p19-images-sign-sg.tokopedia-static.net/tos-alisg-i-aphluv4xwc-sg/88a7413cf31641c59470e24b398bee75~tplv-aphluv4xwc-white-pad-v1:200:200.jpeg?lk3s=97278606&x-expires=1790625558&x-signature=0CEYNXUBr3OX9tVN%2FwwDqjtdtpY%3D&x-signature-webp=6o3O73FdCfNxY0zFSHJv3rEVz6U%3D,0,0,"{'id': 1168087, 'name': 'TeknoTrend ID', 'city': 'Jakarta Pusat'}",8.0,SSD,512.0
103860349269,LENOVO LOQ 15AHP11-0SID GeForce RTX 5060  Ryzen 7 250 512GB SSD 16GB Notebook Laptop Gaming,Rp28.199.000,https://p16-images-sign-sg.tokopedia-static.net/tos-alisg-i-aphluv4xwc-sg/117d3c95d48f4f3da6a979c14725b3e0~tplv-aphluv4xwc-white-pad-v1:200:200.jpeg?lk3s=97278606&x-expires=1790625558&x-signature=GJRXYOzZbYQqwe%2Becj5QRAkI%2BKs%3D&x-signature-webp=lstC2VUHMiq6Y%2FcdLZ4ctUuBmhs%3D,0,0,"{'id': 2386672, 'name': 'GASOL DINOYO MALANG', 'city': 'Malang'}",512.0,SSD,512.0
103313968591,"LENOVO LOQ 15AHP11 RYZEN 7 250 16GB 512GB SSD RTX 5060 8GB 15.3"" WUXGA IPS 165Hz W11H OH24+M365 LUNA GREY",Rp27.999.000,https://p16-images-sign-sg.tokopedia-static.net/tos-alisg-i-aphluv4xwc-sg/f9c575a1c3c1435497125441d3cf56c8~tplv-aphluv4xwc-white-pad-v1:200:200.jpeg?lk3s=97278606&x-expires=1790625558&x-signature=NZnJNX31L2rj%2FwmKg%2FOEmKR5dZ0%3D&x-signature-webp=MO2Kj8DkscfY7iFEyPS7xHHBsNk%3D,0,0,"{'id': 17979748, 'name': 'IT TANGERANG', 'city': 'Tangerang'}",16.0,SSD,512.0
103662489677,"LENOVO LOQ 15AHP11 AMD Ryzen 7 250 RTX 5060 RAM 16GB 512GB SSD 15.3"" IPS 165Hz Windows 11 Best Price Good Deals",Rp27.097.990,https://p16-images-sign-sg.tokopedia-static.net/tos-alisg-i-aphluv4xwc-sg/6205ff57843a44db9e68b507f418a26e~tplv-aphluv4xwc-white-pad-v1:200:200.jpeg?lk3s=97278606&x-expires=1790625558&x-signature=eylp0OR0Wb0qhMDkKsJWuZQC1f8%3D&x-signature-webp=mvOCXuLYmy8XHUhdlxcrP2mn0L0%3D,0,0,"{'id': 6207038, 'name': 'Distri Laptop', 'city': 'Jakarta Pusat'}",16.0,SSD,512.0
103186259527,"Lenovo LOQ 2026 RTX 5060 8GB AMD Ryzen 7 250 16GB RAM 512SSD 165Hz 15,3 Inch WUXGA Windows 11 Office",Rp27.719.000,https://p16-images-sign-sg.tokopedia-static.net/tos-alisg-i-aphluv4xwc-sg/6b0bd8c17d1f41789973937463cc89bf~tplv-aphluv4xwc-white-pad-v1:200:200.jpeg?lk3s=97278606&x-expires=1790625558&x-signature=f9Q9EzQAQvPlaDFCh7l%2B63JTRHI%3D&x-signature-webp=EvC3x41jievsm2dimqiwRsgzpQA%3D,0,0,"{'id': 11502861, 'name': 'Thinkpad Official Store', 'city': 'Jakarta Utara'}",8.0,SSD,
103860387326,LENOVO LOQ 15AHP11-0SID GeForce RTX 5060  Ryzen 7 250 512GB SSD 16GB Notebook Laptop Gaming,Rp28.194.000,https://p19-images-sign-sg.tokopedia-static.net/tos-alisg-i-aphluv4xwc-sg/1763853955ae47dab96176da78202978~tplv-aphluv4xwc-white-pad-v1:200:200.jpeg?lk3s=97278606&x-expires=1790625558&x-signature=yu%2BCvqsTnWW8QLuT1%2BH100DdbGY%3D&x-signature-webp=wEx2%2B9XajVm4JnVkkwCRYeTa7FY%3D,0,0,"{'id': 2434718, 'name': 'GASOL KALIURANG', 'city': 'Malang'}",512.0,SSD,512.0
103688510550,"Laptop LENOVO LOQ 15AHP11 GeForce RTX 5060 8GB RYZEN 7 250 RAM 16GB SSD 51GB 15.3"" WUXGA IPS 100% sRGB W11 OHS+M365 LUNA GREY",Rp28.599.000,https://p16-images-sign-sg.tokopedia-static.net/tos-alisg-i-aphluv4xwc-sg/52f59dc06587493fbd5fa6e600c579e1~tplv-aphluv4xwc-white-pad-v1:200:200.jpeg?lk3s=97278606&x-expires=1790625558&x-signature=m8KYjC6kVV%2BuyuLlSPUTqi2ITqk%3D&x-signature-webp=mUxnd%2Fr1yqi0%2BeGaln%2FRQlP2pOA%3D,0,0,"{'id': 24494, 'name': 'KomputerMedan OS', 'city': 'Medan'}",8.0,SSD,1.0
103668916311,[Extra Promo] - Lenovo LOQ 15AHP11 83TN000SID AMD Ryzen 7 250 16GB 512GB SSD RTX 5060 8GB GDDR7 W11 OH24 + M365,Rp27.097.999,https://p16-images-sign-sg.tokopedia-static.net/tos-alisg-i-aphluv4xwc-sg/36cfd7417d344b38aebd6ba10b07b839~tplv-aphluv4xwc-white-pad-v1:200:200.jpeg?lk3s=97278606&x-expires=1790625558&x-signature=zQXoh8%2B2GbnimgdL1W3WLWIrbOg%3D&x-signature-webp=9H0XLPabKhx%2F1z%2FVMs4uTufnNEo%3D,0,0,"{'id': 7495917927964117630, 'name': 'Lenovo Store by DGI', 'city': 'Jakarta Pusat'}",16.0,SSD,512.0
103841490358,Lenovo LOQ 15AHP11 0SID Ryzen 7 250 16GB 512GB SSD RTX 5060 8GB GDDR7 Win11+OH2024+M365,Rp26.558.000,https://p16-images-sign-sg.tokopedia-static.net/tos-alisg-i-aphluv4xwc-sg/d5f5bf5e13214200a94461fe17c5a871~tplv-aphluv4xwc-white-pad-v1:200:200.jpeg?lk3s=97278606&x-expires=1790625558&x-signature=TdV7sJBFThRBjJem3zfadsPUIjY%3D&x-signature-webp=4nM4CN8b%2FSSLBnTpLLC1xrc3TfA%3D,0,0,"{'id': 704005, 'name': 'Uptodatebdg', 'city': 'Bandung'}",16.0,SSD,512.0
103185979060,Lenovo LOQ 15AHP11 AMD Ryzen 7 250 16GB 512GB SSD RTX 5060 8GB GDDR7 W11 OH24 + M365,Rp28.648.000,https://p16-images-sign-sg.tokopedia-static.net/tos-alisg-i-aphluv4xwc-sg/8359755556c54ad2b996d1447d9eb27b~tplv-aphluv4xwc-white-pad-v1:200:200.jpeg?lk3s=97278606&x-expires=1790625558&x-signature=NrtLr%2BnYWz0Cn8fOOVgA6uXoHcY%3D&x-signature-webp=ZHKrexxi%2BVidAlvAJJPA%2FMTWvro%3D,0,0,"{'id': 126695, 'name': 'FLIXX.ID', 'city': 'Jakarta Pusat'}",16.0,SSD,512.0
103860348972,LENOVO LOQ 15AHP11-0SID GeForce RTX 5060  Ryzen 7 250 512GB SSD 16GB Notebook Laptop Gaming,Rp28.194.000,https://p16-images-sign-sg.tokopedia-static.net/tos-alisg-i-aphluv4xwc-sg/1f609faf8fe54c05ae799d20d63871d4~tplv-aphluv4xwc-white-pad-v1:200:200.jpeg?lk3s=97278606&x-expires=1790625558&x-signature=lQVjWNBe2Yu1k%2BSMXp3iiLKo9cI%3D&x-signature-webp=Fu6dcW9L41Otl35oRdHDqrFePkA%3D,0,0,"{'id': 2360137, 'name': 'GASOL SUMBERSARI', 'city': 'Malang'}",512.0,SSD,512.0
103841405202,Lenovo LOQ 15AHP11 0SID Ryzen 7 250 16GB 512GB SSD RTX 5060 8GB GDDR7 Win11+OH2024+M365,Rp28.558.000,https://p16-images-sign-sg.tokopedia-static.net/tos-alisg-i-aphluv4xwc-sg/5942d0f3eff9418c986f92e525d21cb9~tplv-aphluv4xwc-white-pad-v1:200:200.jpeg?lk3s=97278606&x-expires=1790625558&x-signature=4dcoVu%2FnmA0aLkB5g39XnP5qJkM%3D&x-signature-webp=oCEkuWxafN1O6MCv%2Bd8YlkxEPIY%3D,0,0,"{'id': 11519668, 'name': 'Lenovo Authorized Bandung', 'city': 'Bandung'}",16.0,SSD,512.0
103769038978,"LENOVO LOQ 15AHP11 RYZEN 7 250 16GB 512GB SSD RTX 5060 8GB 15.3"" WUXGA IPS 165Hz W11H OH24+M365 LUNA GREY",Rp27.999.000,https://p16-images-sign-sg.tokopedia-static.net/tos-alisg-i-aphluv4xwc-sg/4620fee661f143748ba5b04153fec8c6~tplv-aphluv4xwc-white-pad-v1:200:200.jpeg?lk3s=97278606&x-expires=1790625558&x-signature=URC1JK4DR%2Bt0nPOP4BtbpV%2FeGLE%3D&x-signature-webp=xjF8vTaIwztUhKV3c6y%2BgDaNnnw%3D,0,0,"{'id': 923818, 'name': 'INFONET Harco Mangga Dua', 'city': 'Jakarta Pusat'}",16.0,SSD,512.0
103980629154,"Lenovo LOQ 15AHP11 RTX 5060 AMD Ryzen 7 250 32GB 2TB SSD W11 + OHS 2024 15.3"" WUXGA 165Hz 100SRGB - Laptop Lenovo Gaming",Rp27.718.000,https://p16-images-sign-sg.tokopedia-static.net/tos-alisg-i-aphluv4xwc-sg/6ccaa5a290af4aa2a1c4641401bda53d~tplv-aphluv4xwc-white-pad-v1:200:200.jpeg?lk3s=97278606&x-expires=1790625558&x-signature=xKunihEvyPiPFc8hToqr7UcUnBM%3D&x-signature-webp=mrerOSq8i4lryknVOYyb7I2XCYY%3D,0,0,"{'id': 2185542, 'name': 'ROGZ Online', 'city': 'Jakarta Pusat'}",32.0,SSD,2000.0
103855386187,[BEST SELLER] LENOVO LOQ 15 GeForce RTX 5060 8GB - RYZEN 7 250 16GB 512GB 15.3WUXGA 165HZ 100SRGB RGB,Rp29.332.275,https://p16-images-sign-sg.tokopedia-static.net/tos-alisg-i-aphluv4xwc-sg/e0a3a5855ecd4bc994ef9c3a8d860a2d~tplv-aphluv4xwc-white-pad-v1:200:200.jpeg?lk3s=97278606&x-expires=1790625558&x-signature=5%2FFQX%2Fh88BdvIZrzz%2BQ3u7800to%3D&x-signature-webp=p365RoFbW3DMUp2gEW2xIVQvlso%3D,0,0,"{'id': 16126198, 'name': 'NVIDIA GeForce Official Surabaya', 'city': 'Surabaya'}",8.0,Unknown,512.0
103860348723,LENOVO LOQ 15AHP11-0SID GeForce RTX 5060  Ryzen 7 250 512GB SSD 16GB Notebook Laptop Gaming,Rp28.199.000,https://p16-images-sign-sg.tokopedia-static.net/tos-alisg-i-aphluv4xwc-sg/f7292cd592824e718e7bfafcb08cd655~tplv-aphluv4xwc-white-pad-v1:200:200.jpeg?lk3s=97278606&x-expires=1790625558&x-signature=GhrYTRUoA3whChBphQ3CB4zQlyg%3D&x-signature-webp=622wJ0OuFnMeptAqpKCD%2BMtWoZc%3D,0,0,"{'id': 17723626, 'name': 'Gasol Maspion Square Surabaya', 'city': 'Surabaya'}",512.0,SSD,512.0
103383034630,LENOVO LOQ 15 GeForce RTX 5060 8GB - RYZEN 7 250 16GB 512GB 15.3WUXGA 165HZ 100SRGB RGB,Rp28.284.694,https://p16-images-sign-sg.tokopedia-static.net/tos-alisg-i-aphluv4xwc-sg/c88297a44d274ca0893b15665a3144d7~tplv-aphluv4xwc-white-pad-v1:200:200.jpeg?lk3s=97278606&x-expires=1790625558&x-signature=%2FfpaWZXFIZiNrNLXZgboPSd%2BUt4%3D&x-signature-webp=68LJMoN5Pusnqy5SjsOI79goiKA%3D,0,0,"{'id': 16126198, 'name': 'NVIDIA GeForce Official Surabaya', 'city': 'Surabaya'}",8.0,Unknown,512.0
103944410752,"Laptop Lenovo LOQ 15AHP11 AMD Ryzen 7 250 512GB SSD 16GB RTX 5060 8GB 15.3""  WUXGA IPS W11 HOME + OH2024",Rp27.249.000,https://p16-images-sign-sg.tokopedia-static.net/tos-alisg-i-aphluv4xwc-sg/e4ba368aa8d541dd87680b7582e9f113~tplv-aphluv4xwc-white-pad-v1:200:200.jpeg?lk3s=97278606&x-expires=1790625558&x-signature=NotnLeD7ZwDhbeHmK5o%2BQvbE9kU%3D&x-signature-webp=L%2FA1ZET6GpnK4SmK0aMmMaWRFDI%3D,0,0,"{'id': 1690353, 'name': 'paradisestore.id', 'city': 'Jakarta Barat'}",512.0,SSD,512.0
103860348973,LENOVO LOQ 15AHP11-0SID GeForce RTX 5060  Ryzen 7 250 512GB SSD 16GB Notebook Laptop Gaming,Rp28.199.000,https://p16-images-sign-sg.tokopedia-static.net/tos-alisg-i-aphluv4xwc-sg/c4ce1b4e77934945a04fdb2fc07d2866~tplv-aphluv4xwc-white-pad-v1:200:200.jpeg?lk3s=97278606&x-expires=1790625558&x-signature=c8GPw3YTs%2FomBD8HQ%2FvNoemcCbg%3D&x-signature-webp=0z%2BHA4r3OrOluTMDNYBX0YdmtMU%3D,0,0,"{'id': 761762, 'name': 'GASOL MALANG', 'city': 'Malang'}",512.0,SSD,512.0
103829525885,Lenovo LOQ 15AHP11 83TN000SID AMD Ryzen 7 250 16GB 512GB SSD RTX 5060 8GB GDDR7 W11 OH24 + M365,Rp26.775.999,https://p16-images-sign-sg.tokopedia-static.net/tos-alisg-i-aphluv4xwc-sg/0ecd53ce6aee47e78dc7913a2142ef4c~tplv-aphluv4xwc-white-pad-v1:200:200.jpeg?lk3s=97278606&x-expires=1790625558&x-signature=%2BtEt3hOmnym%2Fk%2FPTOVnBDhQneAo%3D&x-signature-webp=YH55XIWEnA16TujY1iDnoS5xbuw%3D,0,0,"{'id': 7495917927964117630, 'name': 'Lenovo Store by DGI', 'city': 'Jakarta Pusat'}",16.0,SSD,512.0
102973640779,Laptop RARE RTX 4070 Victus 16 S1777AX BY HP GAMING R7-8845HS Ryzen 7 MSI Cyborg Sword Vector Crosshair Acer Predator Helios Neo 16 Lenovo Loq legion 5 Omen Transcend Asus TUF ROG STRIX SCAR Zephyrus G16 M16 G18 G17 RTX 5060 5070 4080 DELL ALIENWARE RAZER,Rp18.999.000,https://p16-images-sign-sg.tokopedia-static.net/tos-alisg-i-aphluv4xwc-sg/edaf4e9bbb86439480f0d28df4e4c3fd~tplv-aphluv4xwc-white-pad-v1:200:200.jpeg?lk3s=97278606&x-expires=1790625558&x-signature=T1mp3Ko%2Br1O3V9De6WteN8gnhso%3D&x-signature-webp=QhJVS%2Fjl2c4Hp8D2UzDS7tC%2FCdo%3D,0,0,"{'id': 8704644, 'name': 'Dasir Dept Elektronik', 'city': 'Bandung'}",,Unknown,
103277419578,Lenovo LOQ 15AHP11 - 0SID Ryzen 7 250 16GB 512GB RTX 5060 8GB Boost Clock 2497MHz,Rp26.619.000,https://p16-images-sign-sg.tokopedia-static.net/tos-alisg-i-aphluv4xwc-sg/fa998961b863495c95c70872e29ab726~tplv-aphluv4xwc-white-pad-v1:200:200.jpeg?lk3s=97278606&x-expires=1790625558&x-signature=J9CilPBo5BPpKCF3zRDFXoFhg7c%3D&x-signature-webp=QdXD8dEng64YdOAuMQ1got5Xzlg%3D,0,0,"{'id': 14148612, 'name': 'Lenovo Jatim', 'city': 'Surabaya'}",16.0,Unknown,512.0
103184279278,Lenovo LOQ 15AHP11 AMD Ryzen 7 250 16GB 512GB SSD RTX 5060 8GB GDDR7 W11 OH24 + M365,Rp28.649.000,https://p19-images-sign-sg.tokopedia-static.net/tos-alisg-i-aphluv4xwc-sg/8359755556c54ad2b996d1447d9eb27b~tplv-aphluv4xwc-white-pad-v1:200:200.jpeg?lk3s=97278606&x-expires=1790625558&x-signature=26tfJBjoAdyaDHRWyv1jngdDmJo%3D&x-signature-webp=xbQgpUdh8EyKM%2B6OdcXVydNWSGs%3D,0,0,"{'id': 8780657, 'name': 'AMT IT Store', 'city': 'Jakarta Pusat'}",16.0,SSD,512.0
10102328346,"LENOVO LOQ 15AHP11 RYZEN 7 250 16GB 512GB SSD RTX 5060 8GB 15.3"" WUXGA IPS 165Hz W11 HOME OHS24+M365 LUNA GREY",Rp27.999.000,https://p16-images-sign-sg.tokopedia-static.net/tos-alisg-i-aphluv4xwc-sg/5fa89450aeec46a49e0d5f855ecb788c~tplv-aphluv4xwc-white-pad-v1:200:200.jpeg?lk3s=97278606&x-expires=1790625558&x-signature=O8r5bLYoZrpogp0pCfFVC%2FGV%2BQI%3D&x-signature-webp=g9BACFeAqERdkwirXyfy2t87f%2BY%3D,0,0,"{'id': 8789234, 'name': 'Eshop Computer', 'city': 'Bekasi'}",16.0,SSD,512.0
103185939459,Lenovo LOQ 15AHP11 AMD Ryzen 7 250 16GB 512GB SSD RTX 5060 8GB GDDR7 W11 OH24 + M365,Rp28.649.000,https://p16-images-sign-sg.tokopedia-static.net/tos-alisg-i-aphluv4xwc-sg/8359755556c54ad2b996d1447d9eb27b~tplv-aphluv4xwc-white-pad-v1:200:200.jpeg?lk3s=97278606&x-expires=1790625558&x-signature=NrtLr%2BnYWz0Cn8fOOVgA6uXoHcY%3D&x-signature-webp=ZHKrexxi%2BVidAlvAJJPA%2FMTWvro%3D,0,0,"{'id': 12533372, 'name': 'Gadget Store.', 'city': 'Jakarta Pusat'}",16.0,SSD,512.0
103207647710,Laptop RARE RTX 4060 Victus 16 BY HP GAMING R7-7840HS Ryzen 7 S0010AX S0047AX S0097NR Omen Transcend MSI Cyborg Katana Bravo Acer Nitro V 15 Predator Helios Neo Lenovo Loq legion 5 Asus V16 TUF ROG STRIX G15 G16 G18 G17 RTX 5050 5060 4070 DELL ALIENWARE,Rp15.999.000,https://p16-images-sign-sg.tokopedia-static.net/tos-alisg-i-aphluv4xwc-sg/a66938e0cddb4ade99d5da2dea97ed4c~tplv-aphluv4xwc-white-pad-v1:200:200.jpeg?lk3s=97278606&x-expires=1790625558&x-signature=RcmG6bUWOAkSzWsf2ifP93onJMU%3D&x-signature-webp=kimlgeMdbcwT4tLT7B%2Fr007478U%3D,0,0,"{'id': 8704644, 'name': 'Dasir Dept Elektronik', 'city': 'Bandung'}",,Unknown,
103904155628,"LENOVO LOQ 15AHP11 AMD Ryzen 7 250 16GB 512GB SSD NVIDIA GeForce RTX 5060 8GB 15.3"" WUXGA IPS 300nits 165Hz Windows 11 Home / Windows 11 Pro + Office Home 2024 + Microsoft 365 Basic - 83TN000SID 0SID - Laptop AI Gaming",Rp28.499.900,https://p16-images-sign-sg.tokopedia-static.net/tos-alisg-i-aphluv4xwc-sg/81196062a5ae4d18be04063e64d69ce9~tplv-aphluv4xwc-white-pad-v1:200:200.jpeg?lk3s=97278606&x-expires=1790625558&x-signature=07knSNTtmF4uqzS4FeMQbqEe3fA%3D&x-signature-webp=1o0khxIvvdwceJ5TfI325i%2FMQSs%3D,0,0,"{'id': 2183788, 'name': 'Onyx Technology', 'city': 'Jakarta Pusat'}",16.0,SSD,512.0
103937550730,"LENOVO LOQ 15AHP11 0SID AMD RYZEN 7 250 RTX 5060 16GB SODIMM DDR5-5600 512GB SSD 15.3"" WUXGA IPS 165HZ WINDOWS 11 HOME OFFICE HOME STUDENT 2024 2Y ADP PREMIUM CARE INDONESIA",Rp29.229.000,https://p16-images-sign-sg.tokopedia-static.net/tos-alisg-i-aphluv4xwc-sg/a20122c087b34f909935042f6b2dd825~tplv-aphluv4xwc-white-pad-v1:200:200.jpeg?lk3s=97278606&x-expires=1790625558&x-signature=Yj1Tb7QdBu7ul9sAWNM55en%2FcBY%3D&x-signature-webp=I4DL5%2B4R21CoX56BpSN4OyejYVY%3D,0,0,"{'id': 9027620, 'name': 'Notebook88', 'city': 'Jakarta Pusat'}",16.0,SSD,512.0
103895116503,"Laptop Gaming Lenovo LOQ 15ARP10E 83TN000SID AMD Ryzen 7 250 RAM 16GB SSD 512GB RTX 5060 8GB 15.6"" FHD 144Hz Backlit WiFi 6 + Office 2024 + M365 100% Original Garansi 2 Tahun",Rp36.159.000,https://p16-images-sign-sg.tokopedia-static.net/tos-alisg-i-aphluv4xwc-sg/b3d694af0d264237b5a42b98bb9ecb88~tplv-aphluv4xwc-white-pad-v1:200:200.jpeg?lk3s=97278606&x-expires=1790625558&x-signature=qE3WDgYRlp9goYpgRLfjdKuTEVc%3D&x-signature-webp=wmYyeZUY7pmsWk3pIQf3SePpvKw%3D,0,0,"{'id': 1593073, 'name': 'ASC Computer Yogyakarta', 'city': 'Kab. Sleman'}",16.0,SSD,512.0
103893848417,Lenovo LOQ 15AHP11 Ryzen 7-250 16GB 512GB SSD RTX 5060  15.3″ WUXGA 165Hz Win 11 Home - 83TN000SID,Rp28.580.000,https://p16-images-sign-sg.tokopedia-static.net/tos-alisg-i-aphluv4xwc-sg/4ea7ce2dea344d1bad772c6681f82b34~tplv-aphluv4xwc-white-pad-v1:200:200.jpeg?lk3s=97278606&x-expires=1790625558&x-signature=c04m89faSFII8ABI1kOYIFRbsMc%3D&x-signature-webp=QcX9tcaFzS0gBUb84zHzIQ%2FdPGQ%3D,0,0,"{'id': 16788322, 'name': 'AGRES ID MERAK JINGGA MEDAN', 'city': 'Medan'}",16.0,SSD,512.0
103841418448,Lenovo LOQ 15AHP11 0SID Ryzen 7 250 16GB 512GB SSD RTX 5060 8GB GDDR7 Win11+OH2024+M365,Rp30.445.000,https://p16-images-sign-sg.tokopedia-static.net/tos-alisg-i-aphluv4xwc-sg/282e417bab654f23bef1c8af09c2fb94~tplv-aphluv4xwc-white-pad-v1:200:200.jpeg?lk3s=97278606&x-expires=1790625558&x-signature=5TF3USx5lLdcsBzzC9kQa9Xl6ks%3D&x-signature-webp=HP1u9yY5s4nwfi3WQf1cPxziVug%3D,0,0,"{'id': 13167586, 'name': 'AMD Authorized Bandung', 'city': 'Bandung'}",16.0,SSD,512.0
103512097585,"LENOVO LOQ 15AHP11 AMD Ryzen 7 250 16GB RAM 512GB | 2x 512GB SSD NVIDIA GeForce RTX 5060 8GB GDDR7 15.3"" WUXGA (1920x1200) IPS 300nits Anti-glare, Office Home Consumer Gaming Laptop",Rp29.749.900,https://p16-images-sign-sg.tokopedia-static.net/tos-alisg-i-aphluv4xwc-sg/bd9444b139494d0ea88ac3202ac45e20~tplv-aphluv4xwc-white-pad-v1:200:200.jpeg?lk3s=97278606&x-expires=1790625558&x-signature=LHjekJZIefiBTo4aI3Ws%2FsntDkg%3D&x-signature-webp=LJnT5mDFWR5BckPW1H5lx30l%2FLA%3D,0,0,"{'id': 744674, 'name': 'Kompurindo', 'city': 'Jakarta Pusat'}",16.0,SSD,512.0
103231502243,"Lenovo LOQ 15AHP11 Ryzen 7 250 16GB 512GB NVidia RTX 5060 8GB Win11+OHS 15.3"" Include Asuransi",Rp28.028.000,https://p16-images-sign-sg.tokopedia-static.net/tos-alisg-i-aphluv4xwc-sg/2d8304cf5dba4012aebe0ba435c867d4~tplv-aphluv4xwc-white-pad-v1:200:200.jpeg?lk3s=97278606&x-expires=1790625558&x-signature=wZpARa%2BNEBg%2F68cQmtiH6LHQVcY%3D&x-signature-webp=ESZtYujZrqKhS6Fx0080phdhL9Q%3D,0,0,"{'id': 8794825, 'name': 'Prime Store Surabaya', 'city': 'Surabaya'}",16.0,Unknown,512.0
103246931130,"LENOVO LOQ  RYZEN 7 250 16GB 512GB SSD RTX 5060 8GB 15.3"" WUXGA IPS 165Hz W11H OH24",Rp27.999.000,https://p16-images-sign-sg.tokopedia-static.net/tos-alisg-i-aphluv4xwc-sg/81bf9c08fe7c43a692559656525416b7~tplv-aphluv4xwc-white-pad-v1:200:200.jpeg?lk3s=97278606&x-expires=1790625558&x-signature=rl%2BJu3wwsSZfgZ6Cjk9Wy1gmuBc%3D&x-signature-webp=991LWMCrpz2d7ZVjNbg8bQTaFOU%3D,0,0,"{'id': 7496088441606998687, 'name': 'infonet Padjajaran Bogor', 'city': 'Bogor'}",16.0,SSD,512.0
